,Team,Player,ESPNID,GP,AB,R,H,2B,3B,HR,RBI,BB,HBP,SO,SB,CS,AVG,OBP,SLG,OPS,WAR,Overall_Pick,BLSV,ER,ERA,GS,HLD,IP,K,K/BB,L,SV,W,W%,WHIP,OPS_Weighted,R_Rank,H_Rank,HR_Rank,RBI_Rank,SB_Rank,OPS_Rank,WAR_Rank,BLSV_Rank,ER_Rank,ERA_Rank,GS_Rank,HLD_Rank,IP_Rank,K_Rank,K/BB_Rank,L_Rank,SV_Rank,W_Rank,W%_Rank,WHIP_Rank,OPS_Weighted_Rank,Median_Power_Score,Median_Power_Rank,Median_Pick_Power,Median_Pick_Rank,Mean_Power_Score,Mean_Power_Rank,Mean_Pick_Power,Mean_Pick_Rank,Avg_Rank
11,Dookie Butts,Jo Adell,40854.0,7.0,27.0,2.0,7.0,4.0,0.0,0.0,4.0,2.0,0.0,8.0,1.0,0.0,0.259,0.31,0.407,0.718,0.1,233.0,,,,,,,,,,,,,,19.386,475.0,444.0,854.0,431.5,270.0,235.5,310.5,,,,,,,,,,,,,,447.0,437.75,440.5,-207.5,116.0,451.6666666666667,422.0,-189.0,117.0,435.0
17,AGS,Ozzie Albies,33783.0,111.0,435.0,69.0,111.0,31.0,5.0,18.0,72.0,38.0,3.0,86.0,13.0,2.0,0.255,0.317,0.474,0.791,2.1,6.0,,,,,,,,,,,,,,344.08500000000004,21.0,30.0,63.0,11.5,20.5,129.5,86.5,,,,,,,,,,,,,,15.0,25.5,11.0,-5.0,58.0,45.916666666666664,17.0,-11.0,64.0,13.0
26,Dookie Butts,Pete Alonso,37498.0,101.0,363.0,51.0,89.0,13.0,0.0,24.0,63.0,43.0,5.0,83.0,2.0,0.0,0.245,0.331,0.479,0.81,2.1,17.0,,,,,,,,,,,,,,294.03000000000003,81.5,89.5,16.5,42.5,199.5,102.0,86.5,,,,,,,,,,,,,,65.0,85.5,71.0,-54.0,86.0,88.58333333333333,56.0,-39.0,77.0,60.0
34,Midas Well,Brian Anderson,33776.0,48.0,174.0,17.0,43.0,7.0,0.0,5.0,18.0,17.0,2.0,53.0,4.0,0.0,0.247,0.321,0.374,0.695,0.8,178.0,,,,,,,,,,,,,,120.93,309.5,258.5,269.0,297.5,121.5,274.0,202.5,,,,,,,,,,,,,,270.0,271.5,275.0,-97.0,101.0,255.0,225.0,-47.0,81.5,246.0
36,¯\_(ツ)_/¯,Tim Anderson,33184.0,97.0,411.0,70.0,123.0,23.0,1.0,12.0,44.0,18.0,1.0,95.0,16.0,7.0,0.299,0.329,0.448,0.777,3.4,20.0,,,,,,,,,,,,,,319.34700000000004,20.0,10.0,117.5,109.0,14.0,153.5,28.5,,,,,,,,,,,,,,35.0,64.5,50.0,-30.0,76.0,70.66666666666667,40.0,-20.0,68.0,44.5
49,OGsecondHand,Nolan Arenado,31261.0,109.0,417.0,53.0,109.0,28.0,2.0,22.0,68.0,33.0,3.0,62.0,1.0,0.0,0.261,0.318,0.496,0.814,2.9,9.0,,,,,,,,,,,,,,339.438,73.5,38.5,28.0,22.5,270.0,95.5,45.0,,,,,,,,,,,,,,22.0,56.0,38.0,-29.0,75.0,88.0,55.0,-46.0,78.5,47.5
52,Midas Well,Randy Arozarena,36488.0,100.0,384.0,67.0,104.0,21.0,2.0,16.0,52.0,38.0,8.0,116.0,11.0,7.0,0.271,0.347,0.461,0.808,2.9,34.0,,,,,,,,,,,,,,310.27200000000005,24.5,46.0,80.0,72.0,33.0,105.0,45.0,,,,,,,,,,,,,,45.0,59.0,45.0,-11.0,63.0,60.083333333333336,26.0,8.0,51.0,30.0
53,Kershaw?2,Luis Arraez,39572.0,78.0,274.0,42.0,87.0,12.0,4.0,1.0,27.0,28.0,2.0,31.0,1.0,1.0,0.318,0.38,0.401,0.781,2.9,214.0,,,,,,,,,,,,,,213.994,131.5,99.0,423.0,218.0,270.0,143.0,45.0,,,,,,,,,,,,,,152.0,180.5,175.0,39.0,29.0,214.08333333333334,186.0,28.0,33.0,179.5
67,Kershaw?2,Javier Baez,32127.0,91.0,335.0,48.0,83.0,9.0,2.0,22.0,65.0,15.0,7.0,131.0,13.0,3.0,0.248,0.292,0.484,0.775,2.9,51.0,,,,,,,,,,,,,,259.625,97.5,115.0,28.0,35.0,20.5,157.5,45.0,,,,,,,,,,,,,,99.0,66.25,52.0,-1.0,54.5,75.58333333333333,45.0,6.0,52.5,50.0
90,¯\_(ツ)_/¯,Josh Bell,32517.0,97.0,329.0,53.0,82.0,15.0,1.0,19.0,60.0,30.0,1.0,76.0,0.0,0.0,0.249,0.313,0.474,0.787,1.0,140.0,,,,,,,,,,,,,,258.923,73.5,118.0,52.0,51.0,788.5,134.0,180.0,,,,,,,,,,,,,,101.0,95.75,80.0,60.0,21.5,202.83333333333334,168.0,-28.0,70.0,122.5
95,Ian Cumsler,Andrew Benintendi,34986.0,84.0,301.0,42.0,77.0,11.0,1.0,11.0,39.0,24.0,1.0,66.0,8.0,7.0,0.256,0.31,0.409,0.719,0.5,143.0,,,,,,,,,,,,,,216.419,131.5,132.5,133.0,131.5,56.0,233.0,240.0,,,,,,,,,,,,,,146.0,132.0,126.0,17.0,40.0,136.25,103.5,39.5,28.0,111.0
106,AGS,Cavan Biggio,37639.0,77.0,246.0,26.0,53.0,10.0,1.0,7.0,26.0,37.0,1.0,78.0,3.0,1.0,0.215,0.316,0.35,0.666,0.2,54.0,,,,,,,,,,,,,,163.836,234.5,207.5,206.0,226.0,152.0,309.0,289.0,,,,,,,,,,,,,,204.0,216.75,218.0,-164.0,112.0,222.5,194.0,-140.0,108.0,207.0
110,Midas Well,Charlie Blackmon,31084.0,105.0,361.0,48.0,98.0,18.0,3.0,7.0,51.0,40.0,8.0,51.0,2.0,0.0,0.271,0.356,0.396,0.752,0.4,58.0,,,,,,,,,,,,,,271.472,97.5,60.0,206.0,77.0,199.5,181.0,256.0,,,,,,,,,,,,,,87.0,139.25,133.0,-75.0,95.0,136.83333333333334,105.0,-47.0,81.5,116.0
120,Midas Well,Xander Bogaerts,31606.0,106.0,389.0,65.0,118.0,30.0,0.0,16.0,56.0,41.0,4.0,80.0,5.0,1.0,0.303,0.37,0.504,0.873,3.3,15.0,,,,,,,,,,,,,,339.597,31.5,14.0,80.0,59.5,100.0,52.0,32.5,,,,,,,,,,,,,,21.0,55.75,37.0,-22.0,71.0,56.166666666666664,23.0,-8.0,63.0,26.0
122,Hold The Line,Alec Bohm,41169.0,102.0,354.0,44.0,90.0,14.0,0.0,7.0,46.0,30.0,1.0,101.0,4.0,0.0,0.254,0.311,0.353,0.664,-0.6,108.0,,,,,,,,,,,,,,235.056,120.0,86.0,206.0,96.5,121.5,312.5,1125.0,,,,,,,,,,,,,,127.0,120.75,110.0,-2.0,56.0,157.08333333333334,130.5,-22.5,69.0,118.0
135,Ian Cumsler,Michael Brantley,30043.0,89.0,350.0,56.0,115.0,27.0,2.0,7.0,37.0,26.0,4.0,40.0,1.0,0.0,0.329,0.381,0.477,0.858,3.1,119.0,,,,,,,,,,,,,,300.3,62.0,21.5,206.0,146.5,270.0,63.0,36.0,,,,,,,,,,,,,,59.0,104.75,87.5,31.5,34.5,128.16666666666666,94.0,25.0,36.5,88.5
139,AGS,Alex Bregman,34886.0,59.0,229.0,37.0,63.0,14.0,0.0,7.0,34.0,29.0,2.0,42.0,1.0,0.0,0.275,0.359,0.428,0.787,1.6,3.0,,,,,,,,,,,,,,180.223,159.5,175.0,206.0,169.0,270.0,134.0,121.5,,,,,,,,,,,,,,184.0,172.0,164.0,-161.0,110.5,185.58333333333334,154.0,-151.0,112.0,157.5
154,AGS,Kris Bryant,33172.0,93.0,326.0,58.0,87.0,19.0,2.0,18.0,51.0,39.0,8.0,89.0,4.0,2.0,0.267,0.358,0.503,0.861,2.4,70.0,,,,,,,,,,,,,,280.686,54.0,99.0,63.0,77.0,121.5,60.0,68.0,,,,,,,,,,,,,,83.0,70.0,56.0,14.0,43.0,79.08333333333333,49.0,21.0,38.0,54.0
162,Dookie Butts,Byron Buxton,32655.0,27.0,103.0,21.0,38.0,11.0,0.0,10.0,19.0,4.0,3.0,25.0,5.0,0.0,0.369,0.409,0.767,1.176,2.9,104.0,,,,,,,,,,,,,,121.128,272.5,282.5,147.0,286.0,100.0,3.0,45.0,,,,,,,,,,,,,,269.0,209.75,208.5,-104.5,103.0,181.83333333333334,151.0,-47.0,81.5,178.0
167,OGsecondHand,Miguel Cabrera,5544.0,88.0,322.0,37.0,80.0,9.0,0.0,11.0,49.0,28.0,3.0,85.0,0.0,0.0,0.248,0.309,0.379,0.688,-0.3,182.0,,,,,,,,,,,,,,221.536,159.5,121.5,133.0,84.5,788.5,280.5,1188.5,,,,,,,,,,,,,,135.0,146.25,144.5,37.5,30.0,261.25,233.0,-51.0,84.0,186.0
169,Kershaw?2,Lorenzo Cain,29416.0,42.0,144.0,24.0,37.0,5.0,0.0,4.0,18.0,15.0,2.0,27.0,7.0,1.0,0.257,0.333,0.375,0.708,0.6,219.0,,,,,,,,,,,,,,101.952,248.0,287.5,301.5,297.5,70.0,250.5,225.5,,,,,,,,,,,,,,304.0,269.0,269.5,-50.5,83.0,242.5,214.0,5.0,54.0,240.0
180,Moniebol,Mark Canha,31670.0,94.0,343.0,67.0,86.0,17.0,4.0,11.0,37.0,53.0,20.0,82.0,10.0,2.0,0.251,0.381,0.42,0.801,2.9,179.0,,,,,,,,,,,,,,274.743,24.5,104.0,133.0,146.5,38.0,119.0,45.0,,,,,,,,,,,,,,85.0,111.5,98.0,81.0,15.0,94.16666666666667,62.0,117.0,8.5,78.0
187,Midas Well,Dylan Carlson,39226.0,111.0,411.0,59.0,107.0,24.0,3.0,12.0,46.0,45.0,8.0,112.0,1.0,0.0,0.26,0.34,0.421,0.761,1.4,118.0,,,,,,,,,,,,,,312.771,50.5,42.0,117.5,96.5,270.0,169.5,142.5,,,,,,,,,,,,,,44.0,107.0,90.0,28.0,37.0,124.33333333333333,90.5,27.5,34.0,87.0
196,Moniebol,Nick Castellanos,31187.0,93.0,360.0,62.0,115.0,30.0,1.0,19.0,62.0,29.0,3.0,89.0,2.0,1.0,0.319,0.373,0.567,0.94,2.3,38.0,,,,,,,,,,,,,,338.4,40.0,21.5,52.0,46.5,199.5,20.0,74.0,,,,,,,,,,,,,,23.0,43.25,27.0,11.0,44.0,63.25,27.0,11.0,49.0,23.0
212,Ian Cumsler,Matt Chapman,33857.0,109.0,390.0,51.0,83.0,12.0,3.0,14.0,50.0,49.0,3.0,146.0,3.0,0.0,0.213,0.3,0.367,0.667,1.8,50.0,,,,,,,,,,,,,,260.13,81.5,115.0,94.5,80.5,152.0,304.5,110.0,,,,,,,,,,,,,,98.0,104.75,87.5,-37.5,79.0,138.0,108.0,-58.0,87.5,97.0
221,Moniebol,Shin-Soo Choo,6205.0,0.0,0.0,0.0,0.0,0.0,0.0,0.0,0.0,0.0,0.0,0.0,0.0,0.0,0.0,0.0,0.0,0.0,0.0,232.0,,,,,,,,,,,,,,0.0,890.5,891.5,854.0,878.5,788.5,893.5,706.5,,,,,,,,,,,,,,893.5,884.5,895.0,-663.0,129.0,866.0833333333334,894.5,-662.5,129.0,895.0
234,Yelich My Balls,Michael Conforto,33711.0,76.0,239.0,24.0,48.0,12.0,0.0,7.0,25.0,39.0,8.0,64.0,0.0,0.0,0.201,0.331,0.339,0.67,0.6,25.0,,,,,,,,,,,,,,160.13,248.0,231.0,206.0,236.5,788.5,298.5,225.5,,,,,,,,,,,,,,212.0,242.25,241.5,-216.5,117.0,334.75,318.0,-293.0,124.0,279.0
237,Kershaw?2,Willson Contreras,32532.0,102.0,342.0,48.0,78.0,15.0,0.0,17.0,40.0,43.0,13.0,114.0,4.0,4.0,0.228,0.335,0.421,0.756,3.4,99.0,,,,,,,,,,,,,,258.552,97.5,128.5,73.5,123.5,121.5,174.5,28.5,,,,,,,,,,,,,,102.0,122.5,114.5,-15.5,68.0,119.83333333333333,85.0,14.0,46.5,98.0
256,OGsecondHand,C.J. Cron,32155.0,93.0,296.0,48.0,76.0,14.0,1.0,18.0,59.0,42.0,10.0,75.0,1.0,0.0,0.257,0.366,0.493,0.859,1.9,121.0,,,,,,,,,,,,,,254.264,97.5,135.5,63.0,53.5,270.0,61.5,103.0,,,,,,,,,,,,,,107.0,80.25,68.0,53.0,25.0,113.5,80.0,41.0,27.0,69.0
257,Kershaw?2,Jake Cronenworth,36364.0,111.0,418.0,75.0,115.0,25.0,5.0,16.0,53.0,39.0,8.0,67.0,4.0,2.0,0.275,0.348,0.474,0.821,4.3,166.0,,,,,,,,,,,,,,343.178,9.5,21.5,80.0,67.5,121.5,87.5,11.0,,,,,,,,,,,,,,16.0,73.75,62.0,104.0,12.0,64.58333333333333,31.0,135.0,4.0,47.5
260,OGsecondHand,Nelson Cruz,6242.0,85.0,296.0,44.0,87.0,13.0,1.0,19.0,50.0,35.0,5.0,63.0,3.0,0.0,0.294,0.37,0.537,0.907,2.2,22.0,,,,,,,,,,,,,,268.472,120.0,99.0,52.0,80.5,152.0,31.5,79.5,,,,,,,,,,,,,,92.0,89.75,75.0,-53.0,84.5,89.16666666666667,57.0,-35.0,74.5,61.0
269,Yelich My Balls,Bobby Dalbec,39382.0,92.0,294.0,27.0,64.0,12.0,3.0,11.0,41.0,15.0,4.0,119.0,1.0,0.0,0.218,0.264,0.391,0.655,-1.2,240.0,,,,,,,,,,,,,,192.57,226.5,172.0,133.0,117.5,270.0,321.5,1096.5,,,,,,,,,,,,,,169.0,199.25,191.0,49.0,26.0,206.75,173.0,67.0,18.0,181.0
273,OGsecondHand,Travis D'Arnaud,29951.0,23.0,82.0,5.0,18.0,4.0,0.0,2.0,11.0,4.0,0.0,20.0,0.0,0.0,0.22,0.253,0.341,0.594,-0.1,112.0,,,,,,,,,,,,,,48.708,433.5,389.0,377.0,359.0,788.5,401.5,1250.5,,,,,,,,,,,,,,397.0,395.25,398.0,-286.0,125.0,458.0833333333333,425.0,-313.0,126.0,414.5
297,Moniebol,Rafael Devers,33859.0,109.0,407.0,72.0,116.0,29.0,1.0,28.0,83.0,45.0,5.0,104.0,3.0,5.0,0.285,0.36,0.568,0.928,3.8,11.0,,,,,,,,,,,,,,377.696,16.0,18.5,4.5,3.0,152.0,25.0,18.0,,,,,,,,,,,,,,6.0,17.25,8.0,3.0,50.0,36.5,9.0,2.0,55.5,7.5
306,Hold The Line,Alex Dickerson,32956.0,86.0,228.0,28.0,50.0,6.0,2.0,12.0,35.0,18.0,4.0,63.0,1.0,0.0,0.219,0.288,0.421,0.709,-0.2,156.0,,,,,,,,,,,,,,161.652,219.5,222.5,117.5,160.5,270.0,247.5,1221.5,,,,,,,,,,,,,,208.0,221.0,221.0,-65.0,90.0,206.25,172.0,-16.0,65.0,196.5
317,Dookie Butts,Josh Donaldson,29563.0,87.0,282.0,45.0,69.0,15.0,0.0,16.0,45.0,51.0,1.0,67.0,0.0,0.0,0.245,0.355,0.468,0.823,2.0,113.0,,,,,,,,,,,,,,232.086,113.0,157.5,80.0,103.0,788.5,86.0,95.0,,,,,,,,,,,,,,129.0,108.0,92.0,21.0,38.0,221.33333333333334,192.0,-79.0,96.0,142.0
336,BallSachs,Tommy Edman,39907.0,111.0,436.0,55.0,110.0,27.0,3.0,7.0,32.0,26.0,4.0,62.0,19.0,4.0,0.252,0.3,0.376,0.676,1.9,150.0,,,,,,,,,,,,,,294.73600000000005,65.5,34.5,206.0,183.5,6.5,290.5,103.0,,,,,,,,,,,,,,64.0,124.5,118.5,31.5,34.5,131.08333333333334,99.0,51.0,23.0,107.0
365,Kershaw?2,David Fletcher,35156.0,108.0,436.0,62.0,134.0,23.0,2.0,2.0,38.0,19.0,1.0,44.0,10.0,2.0,0.307,0.337,0.383,0.72,2.7,171.0,,,,,,,,,,,,,,313.92,40.0,1.0,377.0,138.0,38.0,231.0,53.0,,,,,,,,,,,,,,43.0,89.0,73.0,98.0,13.0,137.5,107.0,64.0,20.0,86.0
381,¯\_(ツ)_/¯,Ty France,35591.0,103.0,384.0,54.0,106.0,25.0,0.0,11.0,48.0,28.0,19.0,72.0,0.0,0.0,0.276,0.352,0.427,0.779,2.4,164.0,,,,,,,,,,,,,,299.136,70.0,44.0,133.0,88.5,788.5,146.0,68.0,,,,,,,,,,,,,,61.0,110.75,97.0,67.0,18.0,211.66666666666666,183.0,-19.0,67.0,138.0
382,AGS,Wander Franco,40929.0,35.0,141.0,20.0,34.0,4.0,3.0,4.0,18.0,12.0,0.0,29.0,2.0,1.0,0.241,0.299,0.397,0.696,1.3,139.0,,,,,,,,,,,,,,98.136,282.0,298.0,301.5,297.5,199.5,273.0,152.5,,,,,,,,,,,,,,310.0,289.75,294.0,-155.0,109.0,275.25,248.0,-109.0,102.0,271.5
386,Kershaw?2,Clint Frazier,33188.0,66.0,183.0,20.0,34.0,9.0,0.0,5.0,15.0,32.0,3.0,65.0,2.0,0.0,0.186,0.317,0.317,0.633,-1.3,190.0,,,,,,,,,,,,,,115.839,282.0,298.0,269.0,326.5,199.5,356.5,1094.0,,,,,,,,,,,,,,280.0,290.0,296.5,-106.5,104.0,288.5833333333333,265.0,-75.0,93.5,280.0
388,Yelich My Balls,Freddie Freeman,30193.0,112.0,415.0,81.0,121.0,14.0,0.0,24.0,63.0,65.0,4.0,80.0,6.0,3.0,0.292,0.391,0.499,0.89,3.0,1.0,,,,,,,,,,,,,,369.35,4.5,12.0,16.5,42.5,83.0,38.5,38.5,,,,,,,,,,,,,,8.0,27.5,14.0,-13.0,64.0,32.833333333333336,8.0,-7.0,60.5,10.5
399,Moniebol,Joey Gallo,32818.0,95.0,310.0,57.0,69.0,6.0,1.0,25.0,55.0,74.0,4.0,125.0,6.0,0.0,0.223,0.379,0.49,0.869,4.4,107.0,,,,,,,,,,,,,,269.39,58.0,157.5,10.5,61.5,83.0,55.5,9.5,,,,,,,,,,,,,,91.0,59.75,47.0,60.0,21.5,71.0,41.0,66.0,19.0,42.5
416,Hold The Line,Mitch Garver,33667.0,54.0,162.0,24.0,36.0,10.0,0.0,13.0,28.0,23.0,2.0,56.0,0.0,1.0,0.222,0.326,0.525,0.851,1.3,205.0,,,,,,,,,,,,,,137.862,248.0,291.5,105.0,208.5,788.5,67.0,152.5,,,,,,,,,,,,,,245.0,228.25,231.0,-26.0,74.0,284.75,262.0,-57.0,86.0,245.0
425,Moniebol,Andres Gimenez,37729.0,31.0,85.0,10.0,15.0,4.0,0.0,2.0,6.0,3.0,2.0,25.0,4.0,0.0,0.176,0.217,0.294,0.512,0.1,158.0,,,,,,,,,,,,,,43.52,388.0,401.5,377.0,406.0,121.5,455.0,310.5,,,,,,,,,,,,,,405.0,394.75,395.5,-237.5,121.0,358.1666666666667,343.0,-185.0,116.0,366.0
432,Ian Cumsler,Paul Goldschmidt,31027.0,110.0,425.0,59.0,114.0,18.0,1.0,18.0,63.0,41.0,2.0,101.0,7.0,0.0,0.268,0.333,0.442,0.776,2.6,47.0,,,,,,,,,,,,,,329.8,50.5,25.0,63.0,42.5,70.0,155.5,57.0,,,,,,,,,,,,,,27.0,56.75,40.0,7.0,46.0,67.75,36.0,11.0,49.0,33.5
451,OGsecondHand,Lourdes Gurriel,36040.0,97.0,351.0,40.0,91.0,20.0,0.0,12.0,44.0,17.0,2.0,75.0,1.0,2.0,0.259,0.293,0.419,0.712,0.8,64.0,,,,,,,,,,,,,,249.912,144.5,81.5,117.5,109.0,270.0,243.5,202.5,,,,,,,,,,,,,,113.0,131.0,125.0,-61.0,87.0,161.0,132.0,-68.0,92.0,128.0
452,BallSachs,Yulieski Gurriel,36006.0,99.0,361.0,54.0,117.0,24.0,0.0,12.0,66.0,41.0,4.0,45.0,1.0,1.0,0.324,0.388,0.49,0.879,3.0,151.0,,,,,,,,,,,,,,317.319,70.0,16.5,117.5,31.0,270.0,46.0,38.5,,,,,,,,,,,,,,38.0,58.0,43.0,108.0,10.0,91.83333333333333,59.0,92.0,13.0,53.0
454,Moniebol,Yasmani Grandal,30950.0,63.0,181.0,42.0,34.0,3.0,0.0,14.0,38.0,60.0,1.0,64.0,0.0,0.0,0.188,0.388,0.436,0.824,1.7,105.0,,,,,,,,,,,,,,149.144,131.5,298.0,94.5,138.0,788.5,84.5,115.5,,,,,,,,,,,,,,229.0,134.75,128.0,-23.0,72.0,255.83333333333334,228.0,-123.0,104.0,176.5
458,Yelich My Balls,Didi Gregorius,31376.0,60.0,220.0,24.0,47.0,8.0,2.0,10.0,34.0,12.0,5.0,44.0,3.0,0.0,0.214,0.266,0.405,0.67,-0.5,192.0,,,,,,,,,,,,,,147.4,248.0,237.5,147.0,169.0,152.0,298.5,1141.0,,,,,,,,,,,,,,232.0,203.25,195.0,-3.0,57.0,208.66666666666666,177.0,15.0,44.0,183.0
461,¯\_(ツ)_/¯,Trent Grisham,34995.0,85.0,301.0,41.0,78.0,16.0,3.0,12.0,47.0,39.0,5.0,79.0,9.0,3.0,0.259,0.353,0.452,0.804,2.9,77.0,,,,,,,,,,,,,,242.004,139.0,128.5,117.5,91.5,44.5,112.0,45.0,,,,,,,,,,,,,,117.0,114.75,101.0,-24.0,73.0,105.5,71.0,6.0,52.5,81.0
465,AGS,Vladimir Guerrero Jr.,35002.0,110.0,404.0,86.0,127.0,20.0,1.0,35.0,87.0,61.0,5.0,81.0,3.0,1.0,0.314,0.409,0.629,1.038,5.1,19.0,,,,,,,,,,,,,,419.352,1.5,4.0,2.0,1.0,152.0,8.0,2.0,,,,,,,,,,,,,,1.0,3.0,1.0,18.0,39.0,28.083333333333332,5.0,14.0,46.5,3.0
485,BallSachs,Mitch Haniger,32771.0,108.0,427.0,75.0,111.0,18.0,2.0,25.0,65.0,32.0,6.0,112.0,1.0,0.0,0.26,0.316,0.487,0.803,2.0,90.0,,,,,,,,,,,,,,342.88100000000003,9.5,30.0,10.5,35.0,270.0,114.5,95.0,,,,,,,,,,,,,,17.0,32.5,16.0,74.0,16.5,78.25,47.0,43.0,25.5,27.0
489,Hold The Line,Ian Happ,34945.0,101.0,297.0,33.0,53.0,10.0,0.0,11.0,28.0,43.0,3.0,105.0,1.0,1.0,0.178,0.289,0.323,0.612,-0.3,133.0,,,,,,,,,,,,,,181.764,183.0,207.5,133.0,208.5,270.0,385.0,1188.5,,,,,,,,,,,,,,180.0,208.0,205.0,-72.0,91.5,231.16666666666666,199.0,-66.0,89.0,202.0
498,BallSachs,Ke'Bryan Hayes,35020.0,59.0,216.0,26.0,54.0,13.0,1.0,5.0,23.0,22.0,1.0,53.0,2.0,1.0,0.25,0.321,0.389,0.71,1.4,127.0,,,,,,,,,,,,,,153.36,234.5,203.0,269.0,254.0,199.5,245.5,142.5,,,,,,,,,,,,,,223.0,240.0,239.0,-112.0,106.0,234.25,202.0,-75.0,93.5,220.5
513,Ian Cumsler,Enrique Hernandez,31358.0,97.0,364.0,55.0,90.0,25.0,3.0,15.0,43.0,38.0,7.0,81.0,1.0,0.0,0.247,0.327,0.456,0.783,3.5,218.0,,,,,,,,,,,,,,285.012,65.5,86.0,86.0,112.0,270.0,140.5,24.0,,,,,,,,,,,,,,76.0,99.0,83.0,135.0,6.0,126.66666666666667,92.0,126.0,6.0,83.0
518,Hold The Line,Teoscar Hernandez,33377.0,92.0,355.0,51.0,107.0,19.0,0.0,17.0,72.0,23.0,2.0,96.0,7.0,3.0,0.301,0.346,0.499,0.845,2.2,60.0,,,,,,,,,,,,,,299.975,81.5,42.0,73.5,11.5,70.0,71.5,79.5,,,,,,,,,,,,,,60.0,70.75,58.0,2.0,51.0,58.333333333333336,24.0,36.0,29.0,37.5
535,AGS,Keston Hiura,39879.0,59.0,169.0,16.0,28.0,9.0,1.0,4.0,18.0,14.0,7.0,76.0,2.0,0.0,0.166,0.257,0.302,0.558,-0.9,43.0,,,,,,,,,,,,,,94.302,321.5,336.0,301.5,297.5,199.5,430.0,1101.5,,,,,,,,,,,,,,315.0,311.5,319.0,-276.0,123.0,314.3333333333333,296.0,-253.0,120.0,308.0
541,Midas Well,Rhys Hoskins,35291.0,104.0,381.0,61.0,93.0,29.0,0.0,24.0,68.0,46.0,5.0,108.0,3.0,2.0,0.244,0.332,0.509,0.841,1.9,106.0,,,,,,,,,,,,,,320.421,43.5,73.0,16.5,22.5,152.0,75.0,103.0,,,,,,,,,,,,,,33.0,58.25,44.0,62.0,20.0,63.75,29.0,77.0,15.0,31.0
542,Ian Cumsler,Eric Hosmer,30993.0,104.0,359.0,40.0,100.0,14.0,0.0,10.0,52.0,32.0,4.0,63.0,5.0,3.0,0.279,0.343,0.401,0.745,0.9,170.0,,,,,,,,,,,,,,267.455,144.5,54.5,147.0,72.0,100.0,195.0,191.0,,,,,,,,,,,,,,94.0,122.25,112.0,58.0,23.0,118.83333333333333,83.0,87.0,14.0,95.5
601,Kershaw?2,Aaron Judge,33192.0,98.0,367.0,56.0,102.0,15.0,0.0,23.0,53.0,49.0,3.0,109.0,2.0,0.0,0.278,0.366,0.507,0.873,3.4,27.0,,,,,,,,,,,,,,320.391,62.0,50.0,21.5,67.5,199.5,52.0,28.5,,,,,,,,,,,,,,34.0,57.0,41.5,-14.5,66.0,75.41666666666667,44.0,-17.0,66.0,40.0
607,¯\_(ツ)_/¯,Jarred Kelenic,41150.0,45.0,164.0,16.0,24.0,4.0,0.0,5.0,16.0,17.0,1.0,55.0,3.0,2.0,0.146,0.231,0.262,0.493,-1.0,163.0,,,,,,,,,,,,,,80.852,321.5,351.5,269.0,317.5,152.0,465.0,1100.0,,,,,,,,,,,,,,342.0,319.5,324.0,-161.0,110.5,312.75,294.0,-131.0,105.0,311.0
616,OGsecondHand,Max Kepler,31870.0,80.0,291.0,41.0,60.0,13.0,3.0,14.0,42.0,30.0,5.0,72.0,8.0,0.0,0.206,0.289,0.416,0.705,0.6,129.0,,,,,,,,,,,,,,205.155,139.0,183.0,94.5,114.0,56.0,256.0,225.5,,,,,,,,,,,,,,157.0,126.5,121.5,7.5,45.0,140.41666666666666,110.0,19.0,39.5,112.5
622,BallSachs,Isiah Kiner-Falefa,33572.0,111.0,445.0,50.0,115.0,19.0,3.0,7.0,37.0,14.0,8.0,71.0,16.0,4.0,0.258,0.292,0.362,0.654,3.1,210.0,,,,,,,,,,,,,,291.03000000000003,88.0,21.5,206.0,146.5,14.0,323.5,36.0,,,,,,,,,,,,,,67.0,117.25,104.0,106.0,11.0,133.25,101.0,109.0,11.0,103.5
655,Yelich My Balls,Ramon Laureano,35142.0,88.0,341.0,43.0,84.0,21.0,2.0,14.0,39.0,27.0,9.0,98.0,12.0,5.0,0.246,0.317,0.443,0.76,2.4,73.0,,,,,,,,,,,,,,259.16,126.0,110.5,94.5,131.5,27.0,171.5,68.0,,,,,,,,,,,,,,100.0,118.25,105.0,-32.0,77.0,110.16666666666667,74.0,-1.0,59.0,85.0
662,OGsecondHand,DJ LeMahieu,30765.0,107.0,426.0,52.0,114.0,19.0,1.0,7.0,45.0,48.0,3.0,72.0,4.0,0.0,0.268,0.344,0.366,0.71,1.5,16.0,,,,,,,,,,,,,,302.46,76.0,25.0,206.0,103.0,121.5,245.5,131.5,,,,,,,,,,,,,,55.0,112.25,99.0,-83.0,98.0,129.5,96.0,-80.0,97.0,95.5
665,¯\_(ツ)_/¯,Kyle Lewis,36188.0,36.0,130.0,15.0,32.0,4.0,0.0,5.0,11.0,16.0,1.0,37.0,2.0,0.0,0.246,0.333,0.392,0.726,0.5,126.0,,,,,,,,,,,,,,94.38,334.5,311.0,269.0,359.0,199.5,221.0,240.0,,,,,,,,,,,,,,314.0,290.0,296.5,-170.5,113.0,282.3333333333333,258.0,-132.0,106.0,278.0
684,OGsecondHand,Brandon Lowe,39961.0,105.0,370.0,64.0,84.0,19.0,0.0,25.0,63.0,54.0,8.0,126.0,5.0,1.0,0.227,0.337,0.481,0.818,2.4,57.0,,,,,,,,,,,,,,302.66,35.5,110.5,10.5,42.5,100.0,89.5,68.0,,,,,,,,,,,,,,53.0,66.0,51.0,6.0,47.0,64.75,32.0,25.0,36.5,39.0
693,Ian Cumsler,Gavin Lux,40423.0,82.0,278.0,39.0,63.0,10.0,3.0,6.0,37.0,31.0,2.0,74.0,3.0,1.0,0.227,0.307,0.349,0.656,1.5,95.0,,,,,,,,,,,,,,182.368,148.5,175.0,239.0,146.5,152.0,319.0,131.5,,,,,,,,,,,,,,179.0,163.5,157.0,-62.0,88.0,196.66666666666666,162.5,-67.5,91.0,160.0
709,¯\_(ツ)_/¯,Ketel Marte,32512.0,44.0,161.0,26.0,56.0,14.0,0.0,4.0,22.0,13.0,1.0,24.0,1.0,0.0,0.348,0.398,0.509,0.907,0.3,44.0,,,,,,,,,,,,,,146.02700000000002,234.5,198.5,301.5,260.0,270.0,31.5,272.0,,,,,,,,,,,,,,233.0,247.25,247.5,-203.5,115.0,216.0,189.0,-145.0,109.5,217.0
710,Hold The Line,Starling Marte,30830.0,63.0,232.0,52.0,71.0,11.0,1.0,7.0,25.0,32.0,8.0,57.0,22.0,3.0,0.306,0.407,0.453,0.859,2.9,13.0,,,,,,,,,,,,,,199.288,76.0,150.0,206.0,236.5,3.0,61.5,45.0,,,,,,,,,,,,,,162.0,113.0,100.0,-87.0,99.0,122.16666666666667,89.0,-76.0,95.0,93.0
713,Kershaw?2,J.D. Martinez,31065.0,107.0,411.0,71.0,118.0,30.0,3.0,21.0,71.0,42.0,1.0,106.0,0.0,0.0,0.287,0.352,0.528,0.88,2.9,75.0,,,,,,,,,,,,,,361.68,18.5,14.0,35.0,13.5,788.5,44.5,45.0,,,,,,,,,,,,,,10.0,26.75,12.5,62.5,19.0,152.33333333333334,122.0,-47.0,81.5,62.0
741,Yelich My Balls,James McCann,32046.0,93.0,288.0,22.0,70.0,9.0,0.0,9.0,34.0,25.0,2.0,86.0,0.0,1.0,0.243,0.307,0.368,0.675,0.7,217.0,,,,,,,,,,,,,,194.4,264.0,153.5,159.5,169.0,788.5,292.0,214.0,,,,,,,,,,,,,,167.0,216.5,217.0,0.0,53.0,304.4166666666667,284.0,-67.0,90.0,248.0
744,SQUEEZE,Andrew McCutchen,28701.0,98.0,329.0,55.0,77.0,13.0,1.0,20.0,58.0,61.0,3.0,92.0,6.0,1.0,0.234,0.353,0.462,0.815,1.4,222.0,,,,,,,,,,,,,,268.135,65.5,132.5,42.5,56.0,83.0,92.5,142.5,,,,,,,,,,,,,,93.0,74.25,63.5,158.5,3.0,78.66666666666667,48.0,174.0,2.0,57.0
753,Dookie Butts,Ryan McMahon,33247.0,104.0,365.0,64.0,97.0,21.0,1.0,18.0,58.0,40.0,2.0,106.0,4.0,2.0,0.266,0.338,0.477,0.815,3.8,224.0,,,,,,,,,,,,,,297.475,35.5,63.0,63.0,56.0,121.5,92.5,18.0,,,,,,,,,,,,,,62.0,63.0,49.0,175.0,1.0,71.91666666666667,43.0,181.0,1.0,46.0
754,BallSachs,Jeff McNeil,33900.0,73.0,236.0,29.0,63.0,12.0,0.0,6.0,25.0,21.0,7.0,35.0,2.0,0.0,0.267,0.345,0.394,0.739,1.7,91.0,,,,,,,,,,,,,,174.404,211.5,175.0,239.0,236.5,199.5,202.5,115.5,,,,,,,,,,,,,,189.0,207.0,202.5,-111.5,105.0,210.66666666666666,181.0,-90.0,99.0,188.0
755,BallSachs,Austin Meadows,33197.0,103.0,385.0,62.0,93.0,25.0,1.0,21.0,77.0,47.0,5.0,99.0,3.0,2.0,0.242,0.328,0.475,0.803,1.8,31.0,,,,,,,,,,,,,,309.15500000000003,40.0,73.0,35.0,7.5,152.0,114.5,110.0,,,,,,,,,,,,,,46.0,56.5,39.0,-8.0,61.5,70.33333333333333,38.0,-7.0,60.5,35.0
763,SQUEEZE,Whit Merrifield,32422.0,111.0,443.0,60.0,118.0,24.0,2.0,8.0,54.0,31.0,3.0,70.0,31.0,1.0,0.266,0.313,0.384,0.697,2.3,28.0,,,,,,,,,,,,,,308.771,46.5,14.0,177.0,64.0,1.0,271.0,74.0,,,,,,,,,,,,,,47.0,55.25,36.0,-8.0,61.5,95.58333333333333,63.0,-35.0,74.5,52.0
771,Yelich My Balls,Yoan Moncada,33984.0,104.0,367.0,51.0,93.0,20.0,1.0,10.0,49.0,63.0,6.0,115.0,3.0,2.0,0.253,0.37,0.395,0.765,2.8,24.0,,,,,,,,,,,,,,280.755,81.5,73.0,147.0,84.5,152.0,167.5,51.5,,,,,,,,,,,,,,81.0,115.75,102.0,-78.0,97.0,117.58333333333333,82.0,-58.0,87.5,90.0
772,¯\_(ツ)_/¯,Adalberto Mondesi,32821.0,10.0,36.0,6.0,13.0,5.0,0.0,4.0,9.0,1.0,0.0,11.0,1.0,1.0,0.361,0.378,0.833,1.212,0.6,5.0,,,,,,,,,,,,,,43.632,424.0,411.0,301.5,378.5,270.0,2.0,225.5,,,,,,,,,,,,,,404.0,340.0,344.5,-339.5,128.0,297.8333333333333,279.0,-274.0,122.0,315.0
777,Yelich My Balls,Dylan Moore,40593.0,87.0,256.0,31.0,47.0,10.0,1.0,10.0,36.0,30.0,4.0,91.0,17.0,3.0,0.184,0.278,0.348,0.626,0.4,120.0,,,,,,,,,,,,,,160.256,195.0,237.5,147.0,155.0,10.0,366.0,256.0,,,,,,,,,,,,,,211.0,175.0,170.0,-50.0,81.5,185.08333333333334,153.0,-33.0,73.0,163.0
792,Kershaw?2,Ryan Mountcastle,34940.0,101.0,367.0,49.0,97.0,19.0,1.0,19.0,63.0,23.0,3.0,109.0,4.0,3.0,0.264,0.308,0.477,0.785,0.4,157.0,,,,,,,,,,,,,,288.095,91.5,63.0,52.0,42.5,121.5,138.5,256.0,,,,,,,,,,,,,,70.0,77.25,66.0,91.0,14.0,84.83333333333333,53.0,104.0,12.0,59.0
793,AGS,Mike Moustakas,29999.0,33.0,95.0,17.0,24.0,8.0,0.0,4.0,15.0,14.0,2.0,20.0,0.0,0.0,0.253,0.351,0.463,0.814,0.4,92.0,,,,,,,,,,,,,,77.33,309.5,351.5,301.5,326.5,788.5,95.5,256.0,,,,,,,,,,,,,,347.0,318.0,322.0,-230.0,119.0,362.1666666666667,349.0,-257.0,121.0,337.0
796,Dookie Butts,Max Muncy,33303.0,95.0,324.0,64.0,89.0,19.0,1.0,22.0,64.0,65.0,8.0,73.0,2.0,0.0,0.275,0.408,0.543,0.951,5.0,56.0,,,,,,,,,,,,,,308.124,35.5,89.5,28.0,38.5,199.5,16.5,3.5,,,,,,,,,,,,,,48.0,37.0,21.5,34.5,33.0,67.91666666666667,37.0,19.0,39.5,25.0
801,Midas Well,Sean Murphy,33557.0,92.0,300.0,33.0,66.0,19.0,0.0,13.0,49.0,31.0,11.0,86.0,0.0,0.0,0.22,0.313,0.413,0.726,2.3,183.0,,,,,,,,,,,,,,217.8,183.0,163.5,105.0,84.5,788.5,221.0,74.0,,,,,,,,,,,,,,141.0,173.25,167.0,16.0,41.5,257.5833333333333,229.0,-46.0,78.5,200.5
803,Hold The Line,Wil Myers,31265.0,103.0,315.0,36.0,79.0,15.0,1.0,12.0,47.0,41.0,0.0,102.0,6.0,5.0,0.251,0.334,0.419,0.753,0.6,61.0,,,,,,,,,,,,,,237.195,167.5,125.0,117.5,91.5,83.0,179.0,225.5,,,,,,,,,,,,,,124.0,121.25,111.0,-50.0,81.5,127.25,93.0,-32.0,72.0,101.0
841,¯\_(ツ)_/¯,Matt Olson,32767.0,108.0,387.0,73.0,111.0,28.0,0.0,28.0,74.0,55.0,7.0,73.0,3.0,1.0,0.287,0.379,0.576,0.956,4.5,53.0,,,,,,,,,,,,,,369.972,13.0,30.0,4.5,9.5,152.0,15.0,7.0,,,,,,,,,,,,,,7.0,14.0,6.0,47.0,27.5,37.333333333333336,10.0,43.0,25.5,6.0
852,Moniebol,Marcell Ozuna,31668.0,48.0,188.0,21.0,40.0,6.0,0.0,7.0,26.0,19.0,1.0,46.0,0.0,0.0,0.213,0.288,0.356,0.645,-0.3,14.0,,,,,,,,,,,,,,121.26,272.5,271.0,206.0,226.0,788.5,336.5,1188.5,,,,,,,,,,,,,,267.0,271.75,276.0,-262.0,122.0,350.0833333333333,333.0,-319.0,127.0,304.0
871,Dookie Butts,Joc Pederson,31392.0,73.0,256.0,35.0,59.0,11.0,2.0,11.0,39.0,22.0,5.0,74.0,2.0,3.0,0.23,0.3,0.418,0.718,-0.2,161.0,,,,,,,,,,,,,,183.808,174.0,188.0,133.0,131.5,199.5,235.5,1221.5,,,,,,,,,,,,,,177.0,181.0,176.0,-15.0,67.0,176.91666666666666,145.0,16.0,41.5,161.0
890,AGS,Salvador Perez,31127.0,110.0,427.0,51.0,117.0,18.0,0.0,27.0,69.0,13.0,8.0,122.0,1.0,0.0,0.274,0.307,0.506,0.813,3.1,66.0,,,,,,,,,,,,,,347.15099999999995,81.5,16.5,6.0,17.5,270.0,98.5,36.0,,,,,,,,,,,,,,13.0,49.5,29.0,37.0,31.0,81.66666666666667,51.0,15.0,44.0,36.0
897,Midas Well,Tommy Pham,31208.0,109.0,360.0,64.0,88.0,15.0,2.0,12.0,38.0,58.0,4.0,99.0,13.0,6.0,0.244,0.352,0.397,0.749,1.5,83.0,,,,,,,,,,,,,,269.64,35.5,93.5,117.5,138.0,20.5,186.5,131.5,,,,,,,,,,,,,,89.0,105.5,89.0,-6.0,60.0,98.58333333333333,67.0,16.0,41.5,74.5
919,SQUEEZE,A.J. Pollock,30699.0,85.0,278.0,38.0,86.0,22.0,0.0,14.0,44.0,19.0,4.0,61.0,6.0,0.0,0.309,0.361,0.54,0.9,2.1,141.0,,,,,,,,,,,,,,250.2,152.5,104.0,94.5,109.0,83.0,33.0,86.5,,,,,,,,,,,,,,112.0,99.25,84.5,56.5,24.0,96.0,65.0,76.0,16.5,70.0
948,¯\_(ツ)_/¯,J.T. Realmuto,32177.0,91.0,321.0,46.0,87.0,17.0,2.0,13.0,52.0,36.0,7.0,81.0,7.0,3.0,0.271,0.355,0.458,0.813,2.6,29.0,,,,,,,,,,,,,,260.973,108.5,99.0,105.0,72.0,70.0,98.5,57.0,,,,,,,,,,,,,,96.0,98.75,82.0,-53.0,84.5,92.16666666666667,60.0,-31.0,71.0,64.5
955,SQUEEZE,Anthony Rendon,32098.0,58.0,217.0,24.0,52.0,13.0,0.0,6.0,34.0,29.0,1.0,41.0,0.0,0.0,0.24,0.329,0.382,0.712,0.0,4.0,,,,,,,,,,,,,,154.504,248.0,213.0,239.0,169.0,788.5,243.5,706.5,,,,,,,,,,,,,,221.0,241.25,240.0,-236.0,120.0,316.8333333333333,299.0,-295.0,125.0,268.0
959,AGS,Franmil Reyes,33339.0,68.0,255.0,37.0,69.0,12.0,2.0,20.0,53.0,21.0,1.0,89.0,3.0,0.0,0.271,0.327,0.569,0.896,1.4,100.0,,,,,,,,,,,,,,228.48,159.5,157.5,42.5,67.5,152.0,35.0,142.5,,,,,,,,,,,,,,132.0,109.75,95.0,5.0,48.0,102.33333333333333,70.0,30.0,31.0,80.0
969,Yelich My Balls,Austin Riley,34982.0,112.0,399.0,60.0,116.0,19.0,1.0,23.0,68.0,44.0,8.0,113.0,0.0,1.0,0.291,0.367,0.516,0.883,3.3,184.0,,,,,,,,,,,,,,352.317,46.5,18.5,21.5,22.5,788.5,43.0,32.5,,,,,,,,,,,,,,12.0,32.75,18.0,166.0,2.0,156.75,129.0,55.0,22.0,68.0
976,SQUEEZE,Anthony Rizzo,30782.0,92.0,323.0,41.0,80.0,16.0,3.0,14.0,40.0,36.0,14.0,59.0,4.0,2.0,0.248,0.346,0.446,0.792,1.3,52.0,,,,,,,,,,,,,,255.816,139.0,121.5,94.5,123.5,121.5,127.5,152.5,,,,,,,,,,,,,,105.0,122.5,114.5,-62.5,89.0,121.25,88.0,-36.0,76.0,99.0
980,AGS,Luis Robert,39631.0,27.0,103.0,11.0,32.0,10.0,1.0,1.0,9.0,7.0,0.0,30.0,4.0,1.0,0.311,0.351,0.456,0.808,0.9,18.0,,,,,,,,,,,,,,83.224,375.0,311.0,423.0,378.5,121.5,105.0,191.0,,,,,,,,,,,,,,336.0,343.0,347.5,-329.5,127.0,285.6666666666667,264.0,-246.0,119.0,305.0
986,Midas Well,Victor Robles,35042.0,93.0,266.0,29.0,53.0,17.0,1.0,2.0,15.0,32.0,14.0,73.0,8.0,5.0,0.199,0.316,0.293,0.61,0.4,87.0,,,,,,,,,,,,,,162.26,211.5,207.5,377.0,326.5,56.0,388.0,256.0,,,,,,,,,,,,,,207.0,269.0,269.5,-182.5,114.0,261.0833333333333,232.0,-145.0,109.5,250.0
1006,OGsecondHand,Eddie Rosario,31944.0,78.0,283.0,29.0,72.0,15.0,1.0,7.0,46.0,17.0,1.0,47.0,9.0,2.0,0.254,0.296,0.389,0.685,0.4,81.0,,,,,,,,,,,,,,193.855,211.5,147.0,206.0,96.5,44.5,283.0,256.0,,,,,,,,,,,,,,168.0,176.5,171.0,-90.0,100.0,164.75,134.0,-53.0,85.0,150.0
1026,Ian Cumsler,Gary Sanchez,31095.0,84.0,278.0,43.0,60.0,12.0,1.0,17.0,39.0,43.0,4.0,90.0,0.0,0.0,0.216,0.329,0.45,0.779,1.2,98.0,,,,,,,,,,,,,,216.562,126.0,183.0,73.5,131.5,788.5,146.0,161.5,,,,,,,,,,,,,,144.0,138.75,131.0,-33.0,78.0,241.41666666666666,212.0,-114.0,103.0,171.0
1031,Yelich My Balls,Miguel Sano,31260.0,90.0,309.0,47.0,65.0,16.0,0.0,19.0,46.0,39.0,1.0,122.0,1.0,1.0,0.21,0.3,0.447,0.747,0.7,145.0,,,,,,,,,,,,,,230.823,104.5,167.5,52.0,96.5,270.0,191.5,214.0,,,,,,,,,,,,,,131.0,136.0,129.0,16.0,41.5,147.0,118.0,27.0,35.0,120.0
1032,¯\_(ツ)_/¯,Anthony Santander,36084.0,70.0,257.0,28.0,62.0,19.0,0.0,7.0,29.0,17.0,2.0,65.0,0.0,1.0,0.241,0.289,0.397,0.686,-0.5,134.0,,,,,,,,,,,,,,176.30200000000002,219.5,177.5,206.0,198.0,788.5,282.0,1141.0,,,,,,,,,,,,,,187.0,212.75,210.5,-76.5,96.0,311.9166666666667,293.0,-159.0,113.0,251.0
1048,Dookie Butts,Kyle Schwarber,33712.0,72.0,265.0,42.0,67.0,9.0,0.0,25.0,53.0,31.0,5.0,88.0,1.0,1.0,0.253,0.34,0.57,0.91,2.0,200.0,,,,,,,,,,,,,,241.15,131.5,161.0,10.5,67.5,270.0,29.0,95.0,,,,,,,,,,,,,,120.0,99.5,86.0,114.0,8.0,111.58333333333333,77.0,123.0,7.0,79.0
1051,Ian Cumsler,Corey Seager,32691.0,45.0,176.0,24.0,47.0,9.0,2.0,4.0,24.0,21.0,4.0,33.0,1.0,0.0,0.267,0.356,0.409,0.766,0.5,23.0,,,,,,,,,,,,,,134.816,248.0,237.5,301.5,247.0,270.0,166.0,240.0,,,,,,,,,,,,,,248.0,247.5,249.5,-226.5,118.0,245.0,219.0,-196.0,118.0,236.0
1053,Kershaw?2,Jean Segura,31037.0,84.0,324.0,48.0,100.0,20.0,3.0,8.0,40.0,25.0,7.0,52.0,7.0,1.0,0.309,0.369,0.463,0.832,3.9,195.0,,,,,,,,,,,,,,269.568,97.5,54.5,177.0,123.5,70.0,81.0,15.5,,,,,,,,,,,,,,90.0,89.25,74.0,121.0,7.0,100.58333333333333,68.0,127.0,5.0,64.5
1054,BallSachs,Marcus Semien,32146.0,111.0,445.0,83.0,124.0,32.0,2.0,26.0,69.0,42.0,1.0,111.0,12.0,1.0,0.279,0.34,0.535,0.875,5.2,114.0,,,,,,,,,,,,,,389.375,3.0,8.0,7.0,17.5,27.0,48.0,1.0,,,,,,,,,,,,,,2.0,12.75,5.0,109.0,9.0,18.416666666666668,2.0,112.0,10.0,4.5
1055,Dookie Butts,Nick Senzel,36180.0,36.0,111.0,18.0,28.0,4.0,0.0,1.0,8.0,12.0,0.0,16.0,2.0,5.0,0.252,0.323,0.315,0.638,-0.4,209.0,,,,,,,,,,,,,,70.818,299.0,336.0,423.0,389.0,199.5,349.0,1160.0,,,,,,,,,,,,,,360.0,342.5,346.0,-137.0,107.0,332.5833333333333,313.0,-104.0,101.0,331.0
1072,¯\_(ツ)_/¯,Dominic Smith,33218.0,106.0,358.0,37.0,91.0,14.0,0.0,11.0,49.0,28.0,8.0,89.0,2.0,1.0,0.254,0.318,0.385,0.704,0.4,125.0,,,,,,,,,,,,,,252.032,159.5,81.5,133.0,84.5,199.5,259.0,256.0,,,,,,,,,,,,,,108.0,146.25,144.5,-19.5,69.5,152.83333333333334,123.0,2.0,55.5,134.0
1077,Ian Cumsler,Will Smith,38309.0,91.0,286.0,48.0,74.0,14.0,2.0,15.0,51.0,40.0,12.0,67.0,2.0,0.0,0.259,0.367,0.479,0.846,2.1,71.0,,,,,,,,,,,,,,241.956,97.5,142.5,86.0,77.0,199.5,69.5,86.5,,,,,,,,,,,,,,118.5,91.75,76.5,-5.5,59.0,112.0,78.5,-7.5,62.0,72.5
1078,Dookie Butts,Will Smith,38309.0,91.0,286.0,48.0,74.0,14.0,2.0,15.0,51.0,40.0,12.0,67.0,2.0,0.0,0.259,0.367,0.479,0.846,2.1,80.0,,,,,,,,,,,,,,241.956,97.5,142.5,86.0,77.0,199.5,69.5,86.5,,,,,,,,,,,,,,118.5,91.75,76.5,3.5,49.0,112.0,78.5,1.5,57.0,72.5
1085,Yelich My Balls,Nick Solak,39904.0,92.0,334.0,42.0,75.0,12.0,2.0,9.0,34.0,21.0,13.0,87.0,4.0,3.0,0.225,0.295,0.353,0.648,0.3,193.0,,,,,,,,,,,,,,216.432,131.5,138.0,159.5,169.0,121.5,332.0,272.0,,,,,,,,,,,,,,145.0,148.75,146.0,47.0,27.5,175.25,142.5,50.5,24.0,145.0
1086,Ian Cumsler,Donovan Solano,29703.0,81.0,274.0,29.0,76.0,16.0,0.0,5.0,27.0,20.0,5.0,55.0,2.0,0.0,0.277,0.333,0.391,0.724,0.9,194.0,,,,,,,,,,,,,,198.376,211.5,135.5,269.0,218.0,199.5,225.0,191.0,,,,,,,,,,,,,,163.0,214.75,213.5,-19.5,69.5,209.75,179.0,15.0,44.0,195.0
1088,Dookie Butts,Jorge Soler,32558.0,94.0,308.0,38.0,59.0,16.0,0.0,13.0,37.0,38.0,5.0,97.0,0.0,0.0,0.192,0.288,0.37,0.658,-1.2,89.0,,,,,,,,,,,,,,202.664,152.5,188.0,105.0,146.5,788.5,316.5,1096.5,,,,,,,,,,,,,,159.0,170.25,163.0,-74.0,93.5,282.8333333333333,259.0,-170.0,114.0,211.0
1098,AGS,George Springer,32078.0,44.0,164.0,36.0,46.0,11.0,1.0,14.0,33.0,22.0,1.0,46.0,2.0,1.0,0.28,0.367,0.616,0.983,1.8,21.0,,,,,,,,,,,,,,161.212,167.5,245.5,94.5,177.5,199.5,12.5,110.0,,,,,,,,,,,,,,209.0,172.5,165.0,-144.0,108.0,149.5,119.0,-98.0,100.0,142.0
1101,Dookie Butts,Giancarlo Stanton,30583.0,94.0,338.0,41.0,88.0,12.0,0.0,17.0,54.0,52.0,2.0,109.0,0.0,0.0,0.26,0.361,0.447,0.808,1.6,41.0,,,,,,,,,,,,,,273.10400000000004,139.0,93.5,73.5,64.0,788.5,105.0,121.5,,,,,,,,,,,,,,86.0,99.25,84.5,-43.5,80.0,210.58333333333334,180.0,-139.0,107.0,131.0
1114,Hold The Line,Eugenio Suarez,32367.0,108.0,398.0,51.0,69.0,13.0,0.0,22.0,61.0,42.0,6.0,138.0,0.0,1.0,0.173,0.261,0.372,0.632,-2.5,36.0,,,,,,,,,,,,,,251.536,81.5,157.5,28.0,48.5,788.5,358.5,1092.0,,,,,,,,,,,,,,110.0,119.5,108.0,-72.0,91.5,243.75,217.0,-181.0,115.0,164.0
1119,SQUEEZE,Dansby Swanson,34895.0,113.0,425.0,56.0,109.0,28.0,2.0,20.0,59.0,32.0,4.0,121.0,8.0,3.0,0.256,0.313,0.473,0.785,1.1,109.0,,,,,,,,,,,,,,333.625,62.0,38.5,42.5,53.5,56.0,138.5,169.5,,,,,,,,,,,,,,24.0,54.75,35.0,74.0,16.5,65.16666666666667,33.0,76.0,16.5,29.0
1129,BallSachs,Leody Taveras,34951.0,15.0,46.0,2.0,4.0,0.0,0.0,0.0,1.0,3.0,1.0,23.0,2.0,0.0,0.087,0.16,0.087,0.247,-0.7,175.0,,,,,,,,,,,,,,11.362,475.0,467.0,854.0,479.5,199.5,508.0,1114.5,,,,,,,,,,,,,,468.0,477.25,467.5,-292.5,126.0,497.1666666666667,456.0,-281.0,123.0,461.0
1159,Midas Well,Gleyber Torres,33804.0,99.0,359.0,35.0,91.0,17.0,0.0,6.0,42.0,41.0,1.0,81.0,12.0,3.0,0.253,0.328,0.351,0.679,0.8,39.0,,,,,,,,,,,,,,243.761,174.0,81.5,239.0,114.0,27.0,288.0,202.5,,,,,,,,,,,,,,116.0,144.0,142.0,-103.0,102.0,153.91666666666666,124.0,-85.0,98.0,132.0
1174,Ian Cumsler,Kyle Tucker,34967.0,100.0,370.0,57.0,102.0,25.0,1.0,21.0,67.0,36.0,1.0,69.0,11.0,1.0,0.276,0.338,0.519,0.857,3.4,26.0,,,,,,,,,,,,,,317.09,58.0,50.0,35.0,27.5,33.0,64.0,28.5,,,,,,,,,,,,,,40.0,42.5,25.5,0.5,52.0,44.583333333333336,15.0,11.0,49.0,19.0
1177,Ian Cumsler,Justin Turner,29607.0,105.0,381.0,62.0,110.0,17.0,0.0,20.0,66.0,45.0,10.0,74.0,1.0,0.0,0.289,0.376,0.491,0.867,3.2,167.0,,,,,,,,,,,,,,330.327,40.0,34.5,42.5,31.0,270.0,57.0,34.0,,,,,,,,,,,,,,26.0,41.25,24.0,143.0,5.0,79.16666666666667,50.0,117.0,8.5,32.0
1186,OGsecondHand,Giovanny Urshela,32721.0,84.0,310.0,32.0,85.0,16.0,1.0,11.0,41.0,18.0,1.0,82.0,1.0,0.0,0.274,0.315,0.439,0.754,1.4,136.0,,,,,,,,,,,,,,233.74,189.0,107.0,133.0,117.5,270.0,177.0,142.5,,,,,,,,,,,,,,128.0,155.0,150.0,-14.0,65.0,165.58333333333334,135.0,1.0,58.0,144.0
1199,SQUEEZE,Christian Vazquez,31389.0,100.0,342.0,36.0,87.0,16.0,0.0,4.0,37.0,23.0,2.0,70.0,8.0,4.0,0.254,0.303,0.336,0.639,1.0,189.0,,,,,,,,,,,,,,218.538,167.5,99.0,301.5,146.5,56.0,346.0,180.0,,,,,,,,,,,,,,139.0,157.0,153.0,36.0,32.0,186.08333333333334,155.0,34.0,30.0,152.5
1202,SQUEEZE,Alex Verdugo,33786.0,105.0,395.0,66.0,110.0,24.0,1.0,11.0,41.0,38.0,3.0,65.0,5.0,1.0,0.278,0.344,0.428,0.772,1.8,124.0,,,,,,,,,,,,,,304.94,27.5,34.5,133.0,117.5,100.0,162.0,110.0,,,,,,,,,,,,,,49.0,108.75,93.5,30.5,36.0,95.75,64.0,60.0,21.0,76.0
1212,Moniebol,Luke Voit,35201.0,31.0,117.0,14.0,28.0,3.0,1.0,4.0,13.0,11.0,3.0,39.0,0.0,0.0,0.239,0.321,0.385,0.705,0.3,59.0,,,,,,,,,,,,,,82.485,345.5,336.0,301.5,344.0,788.5,256.0,272.0,,,,,,,,,,,,,,338.0,340.0,344.5,-285.5,124.0,395.25,379.0,-320.0,128.0,360.5
1216,Yelich My Balls,Christian Walker,32758.0,72.0,263.0,33.0,61.0,14.0,1.0,5.0,29.0,19.0,3.0,67.0,0.0,0.0,0.232,0.289,0.35,0.639,-0.1,160.0,,,,,,,,,,,,,,168.05700000000002,183.0,180.0,269.0,198.0,788.5,346.0,1250.5,,,,,,,,,,,,,,199.0,233.5,234.0,-74.0,93.5,327.4166666666667,307.0,-147.0,111.0,270.0
1222,Hold The Line,Jared Walsh,35673.0,98.0,364.0,47.0,97.0,23.0,1.0,22.0,67.0,26.0,3.0,109.0,2.0,1.0,0.266,0.32,0.516,0.836,1.7,204.0,,,,,,,,,,,,,,304.304,104.5,63.0,28.0,27.5,199.5,77.5,115.5,,,,,,,,,,,,,,51.0,70.25,57.0,147.0,4.0,83.33333333333333,52.0,152.0,3.0,56.0
1252,¯\_(ツ)_/¯,Mike Yastrzemski,33341.0,93.0,334.0,54.0,74.0,22.0,3.0,18.0,45.0,38.0,7.0,87.0,2.0,0.0,0.222,0.312,0.467,0.779,1.9,116.0,,,,,,,,,,,,,,260.18600000000004,70.0,142.5,63.0,103.0,199.5,146.0,103.0,,,,,,,,,,,,,,97.0,122.75,117.0,-1.0,54.5,120.66666666666667,87.0,29.0,32.0,101.0
